Div,Date,Time,HomeTeam,AwayTeam,B365H,B365D,B365A
E0,2026-09-14,19:00:00,Leeds United,Newcastle United,2.35,3.52,3.08
E0,2026-09-18,19:00:00,Brentford,Chelsea,2.82,3.84,2.3
E0,2026-09-19,11:30:00,Tottenham Hotspur,Aston Villa,1.98,3.73,3.62
E0,2026-09-19,14:00:00,Brighton and Hove Albion,Arsenal,4.8,4.08,1.72
E0,2026-09-19,14:00:00,Everton,Ipswich Town,1.78,3.85,4.4
E0,2026-09-19,14:00:00,Newcastle United,Hull City,1.53,4.65,6.05
E0,2026-09-19,16:30:00,Nottingham Forest,Coventry City,1.72,4.03,4.88
E0,2026-09-20,13:00:00,Bournemouth,Liverpool,3.17,3.83,2.11
E0,2026-09-20,13:00:00,Leeds United,Crystal Palace,1.99,3.57,3.74
E0,2026-09-20,13:00:00,Manchester City,Sunderland,1.31,5.54,9.45
E0,2026-09-20,15:30:00,Fulham,Manchester United,3.49,3.76,2.01
E0,2026-10-10,11:30:00,Arsenal,Leeds United,1.3,5.43,9.35
E0,2026-10-10,14:00:00,Aston Villa,Brentford,2.52,3.58,2.68
E0,2026-10-10,14:00:00,Chelsea,Bournemouth,1.78,4.23,3.92
E0,2026-10-10,14:00:00,Sunderland,Brighton and Hove Albion,2.97,3.43,2.37
E0,2026-10-10,14:00:00,Ipswich Town,Fulham,2.67,3.58,2.53
E0,2026-10-10,16:30:00,Manchester United,Tottenham Hotspur,1.62,4.34,4.78
E0,2026-10-11,13:00:00,Crystal Palace,Nottingham Forest,2.67,3.41,2.62
E0,2026-10-11,13:00:00,Hull City,Everton,3.71,3.24,2.12
E0,2026-10-11,15:30:00,Liverpool,Manchester City,3.17,3.66,2.17
E0,2026-10-12,19:00:00,Coventry City,Newcastle United,3.3,3.5,2.05
SP1,2026-09-14,19:00:00,Villarreal,Real Betis,1.9,3.95,3.45
SP1,2026-09-15,17:00:00,Rayo Vallecano,Espanyol,2.2,3.45,3.5
SP1,2026-09-15,18:00:00,Alavés,Valencia,1.92,3.3,4.8
SP1,2026-09-15,19:30:00,Elche CF,Real Madrid,10.0,6.6,1.28
SP1,2026-09-16,17:00:00,Atlético Madrid,CA Osasuna,1.48,4.5,7.5
SP1,2026-09-16,17:00:00,Deportivo La Coruña,Sevilla,2.5,3.1,3.25
SP1,2026-09-16,19:30:00,Levante,Athletic Bilbao,3.4,3.55,2.2
SP1,2026-09-16,19:30:00,Barcelona,Real Racing Club de Santander,1.07,15.0,35.0
SP1,2026-09-17,17:00:00,Real Betis,Getafe,1.8,3.45,5.4
SP1,2026-09-17,19:30:00,Málaga,Villarreal,3.65,3.9,2.0
SP1,2026-09-18,19:00:00,Espanyol,Elche CF,1.85,3.4,4.6
SP1,2026-09-19,12:00:00,CA Osasuna,Rayo Vallecano,2.15,3.37,3.47
SP1,2026-09-19,14:15:00,Athletic Bilbao,Alavés,1.67,3.96,5.08
SP1,2026-09-19,16:30:00,Celta Vigo,Real Racing Club de Santander,1.79,4.06,4.06
SP1,2026-09-19,19:00:00,Sevilla,Barcelona,10.0,5.8,1.29
SP1,2026-09-20,12:00:00,Getafe,Málaga,2.2,3.14,3.86
SP1,2026-09-20,14:15:00,Atlético Madrid,Real Madrid,3.8,4.05,1.92
SP1,2026-09-20,16:30:00,Deportivo La Coruña,Real Betis,2.97,3.4,2.5
SP1,2026-09-20,16:30:00,Villarreal,Levante,1.63,4.4,5.25
SP1,2026-09-20,19:00:00,Valencia,Real Sociedad,2.82,3.3,2.52
D1,2026-09-18,18:30:00,Bayern Munich,Union Berlin,1.07,10.0,19.0
D1,2026-09-19,13:30:00,Hamburger SV,1. FC Köln,2.7,3.4,2.35
D1,2026-09-19,13:30:00,Werder Bremen,Augsburg,2.2,3.75,2.7
D1,2026-09-19,13:30:00,Borussia Monchengladbach,FSV Mainz 05,2.8,3.6,2.2
D1,2026-09-19,13:30:00,Eintracht Frankfurt,SC Freiburg,2.3,3.75,2.55
D1,2026-09-19,16:30:00,VfB Stuttgart,Borussia Dortmund,2.34,3.75,2.93
D1,2026-09-20,13:30:00,Bayer Leverkusen,RB Leipzig,1.97,4.11,3.33
D1,2026-09-20,15:30:00,FC Schalke 04,Elversberg,2.08,3.58,3.46
D1,2026-09-20,17:30:00,SC Paderborn,TSG Hoffenheim,4.49,4.33,1.68
I1,2026-09-14,16:30:00,Torino,AS Roma,2.95,4.1,1.36
I1,2026-09-14,16:30:00,Como,Parma,1.13,6.0,4.35
I1,2026-09-14,18:45:00,Inter Milan,Udinese,1.16,6.0,3.95
I1,2026-09-18,18:45:00,Monza,Sassuolo,2.65,3.25,2.45
I1,2026-09-19,13:00:00,Bologna,Torino,1.83,3.4,4.0
I1,2026-09-19,13:00:00,Udinese,Cagliari,2.05,3.1,3.6
I1,2026-09-19,16:00:00,AS Roma,Inter Milan,2.69,3.31,2.77
I1,2026-09-19,18:45:00,Venezia,Lazio,3.57,3.53,2.12
I1,2026-09-20,10:30:00,Fiorentina,Napoli,3.27,3.42,2.21
I1,2026-09-20,13:00:00,Frosinone,Como,5.84,4.12,1.57
I1,2026-09-20,13:00:00,Parma,Genoa,3.04,3.01,2.57
I1,2026-09-20,16:00:00,Juventus,Atalanta BC,1.64,4.03,5.22
I1,2026-09-20,18:45:00,AC Milan,Lecce,1.31,5.28,10.24
F1,2026-09-18,18:45:00,AS Monaco,RC Lens,2.1,3.5,3.05
F1,2026-09-19,15:15:00,Paris FC,Strasbourg,2.09,3.64,3.55
F1,2026-09-19,18:45:00,Angers,Troyes,2.25,3.44,3.33
F1,2026-09-19,18:45:00,Toulouse,Le Havre,1.85,3.75,4.36
F1,2026-09-19,18:45:00,Le Mans FC,Lorient,2.97,3.41,2.47
F1,2026-09-19,18:45:00,Lyon,Rennes,2.15,3.86,3.22
F1,2026-09-20,13:00:00,Auxerre,Brest,2.76,3.45,2.52
F1,2026-09-20,15:15:00,Nice,Lille,3.68,3.5,2.03
F1,2026-09-20,18:45:00,Marseille,Paris Saint Germain,6.14,4.92,1.46
